osm_id,code,fclass,name,xcoord,ycoord
"507191810","5621",bus_stop,,76.9282948,43.2374065
"507191818","5621",bus_stop,Ул. Сатпаева,76.927797,43.2369313
"507191826","5621",bus_stop,Таранчинская,76.9294703,43.2410542
"507191853","5621",bus_stop,,76.9306294,43.2343362
"533366782","5621",bus_stop,Жандосов,76.9047374,43.2347082
"533409232","5621",bus_stop,Ауэзова,76.9072782,43.2348838
"533460788","5621",bus_stop,Нацбанк,76.9177003,43.2365864
"533460792","5621",bus_stop,Нацбанк,76.9191143,43.2365251
"1001110345","5621",bus_stop,Проспект Гагарина,76.8984585,43.2315461
"1001730361","5621",bus_stop,,76.8988976,43.2394181
"1001730363","5621",bus_stop,,76.8937906,43.2390664
"1007956563","5621",bus_stop,,76.888405,43.2342856
"1007956582","5621",bus_stop,Торговый дом Дана,76.888456,43.2345045
"1007956589","5621",bus_stop,Сатпаева,76.8899937,43.236157
"1007956596","5621",bus_stop,Сатпаева,76.8903496,43.2352842
"1007972112","5621",bus_stop,Розыбакиева,76.8903945,43.2383371
"1007972115","5621",bus_stop,Абая,76.8898009,43.239264
"1007972118","5621",bus_stop,Розыбакиева,76.8891895,43.2387868
"1008013840","5621",bus_stop,,76.9136366,43.2399063
"1008013845","5621",bus_stop,,76.9106218,43.2402424
"1008013850","5621",bus_stop,Ауэзова,76.9032725,43.2396874
"1055991730","5621",bus_stop,пр. Сейфуллина,76.9231874,43.2403208
"1055991734","5621",bus_stop,пр. Сейфуллина,76.9333756,43.2415915
"1055992864","5621",bus_stop,,76.9216699,43.2408582
"1078775945","5621",bus_stop,Наурызбай батыра,76.9383544,43.2416357
"1314568215","5621",bus_stop,,76.8742458,43.2097729
"1314568216","5621",bus_stop,,76.8702225,43.2111178
"1314568234","5621",bus_stop,Ул. Щепкина,76.8697826,43.2114619
"1382554367","5622",bus_station,Мост,76.9770911,43.2044694
"1382556809","5621",bus_stop,Достык-Жолдасбекова,76.9586288,43.234053
"1382576965","5621",bus_stop,Центральный стадион,76.9228882,43.2405915
"1456453417","5621",bus_stop,,76.90415,43.235523
"1508708819","5621",bus_stop,,76.9343408,43.2422421
"1508736429","5621",bus_stop,улица Байтурсынова,76.9266697,43.2411636
"1623868921","5621",bus_stop,Розыбакиева,76.8928996,43.2249198
"1628518230","5621",bus_stop,,76.8971991,43.2195061
"1651290447","5621",bus_stop,Магазин,76.8990468,43.2017408
"1651290448","5621",bus_stop,Магазин,76.8993152,43.2030446
"1674639904","5621",bus_stop,КазНУ,76.9233834,43.2268649
"1727446533","5621",bus_stop,Гагарина/Тимирязева,76.8964033,43.2243727
"1727446547","5621",bus_stop,Тимирязева,76.8916451,43.2253773
"1727446548","5621",bus_stop,Розыбакиева,76.8934851,43.2250466
"1741108476","5621",bus_stop,,76.8825316,43.238072
"1741108478","5621",bus_stop,,76.8832417,43.2378254
"1748254216","5621",bus_stop,,76.903923,43.2390392
"1748254322","5621",bus_stop,Гагарина,76.8958846,43.23872
"1756337268","5621",bus_stop,Жандосова,76.890904,43.2289754
"1756337272","5621",bus_stop,Жандосова,76.8911214,43.2292949
"1780531328","5621",bus_stop,,76.9066048,43.239478
"1843665044","5621",bus_stop,ГЭС-2,76.9134732,43.1135957
"1985674222","5622",bus_station,,76.9522187,43.2136984
"1986350003","5622",bus_station,,76.9515996,43.2162973
"2001335730","5621",bus_stop,5 - ый микрорайон,76.8641433,43.2282251
"2166592808","5621",bus_stop,Алтынсарина\Шаляпина,76.8709961,43.2205454
"2180483515","5621",bus_stop,Торайгырова-Саина,76.8701042,43.2009253
"2180515030","5621",bus_stop,,76.9087549,43.2013662
"2392550937","5621",bus_stop,Софьи,76.8759577,43.2361972
"2446579914","5621",bus_stop,5-я городская больница,76.960877,43.2277129
"2460993194","5621",bus_stop,проспект Аль-Фараби,76.9282124,43.2173247
"2461879472","5621",bus_stop,Наурызбай батыра,76.9391667,43.2380764
"2462439209","5621",bus_stop,Площадь Республики,76.9416711,43.2374588
"2480602368","5621",bus_stop,,76.9668014,43.2133769
"2480602378","5621",bus_stop,,76.9646859,43.2173915
"2480602386","5621",bus_stop,,76.9632605,43.2209813
"2480602388","5621",bus_stop,,76.9632873,43.22181
"2490755975","5621",bus_stop,Абая,76.8897199,43.2379475
"2497758202","5621",bus_stop,Проспект Сейфуллина,76.9425882,43.2269868
"2497758495","5621",bus_stop,Финансовый центр,76.9388779,43.2250648
"2498388083","5621",bus_stop,,76.9456338,43.2282236
"2500308316","5621",bus_stop,Брусиловского,76.8785745,43.233896
"2500308325","5621",bus_stop,Брусиловского,76.8789071,43.233642
"2503479984","5621",bus_stop,Тургут Озала,76.8827836,43.2339187
"2503479986","5621",bus_stop,Тургут Озала,76.8828345,43.2341258
"2504128966","5621",bus_stop,,76.8929265,43.2289185
"2522351049","5601",railway_station,Абая,76.9484213,43.2425131
"2522351050","5601",railway_station,Алатау,76.8976467,43.238576
"2522351052","5601",railway_station,Байконур,76.9289227,43.2413007
"2522351055","5601",railway_station,Театр имени Мухтара Ауэзова,76.9171677,43.2403547
"2527525616","5621",bus_stop,,76.8961189,43.2349385
"2527525621","5621",bus_stop,,76.8957595,43.2350382
"2568901770","5621",bus_stop,,76.9087929,43.2012433
"2577857354","5621",bus_stop,Розыбакиева,76.8891928,43.2386921
"2583230527","5621",bus_stop,Тимирязева,76.8915931,43.2236874
"2591116624","5621",bus_stop,Шевченко,76.8894014,43.2421533
"2593864581","5622",bus_station,"Конечная ""30""",76.8940079,43.1782054
"2593910472","5622",bus_station,,76.9002944,43.1577887
"2594648821","5622",bus_station,"Конечная""316""",76.9027439,43.1458064
"2611866247","5621",bus_stop,Кожабекова,76.8948294,43.2003615
"2611866249","5621",bus_stop,Кожабекова,76.8948578,43.2004842
"2620558075","5621",bus_stop,Сейфуллина,76.9342485,43.2405749
"2620559484","5621",bus_stop,Стадион,76.9266936,43.2375174
"2620561596","5621",bus_stop,Сатпаева/Ауэзова,76.9038206,43.2356613
"2620567290","5621",bus_stop,Горбольница №12,76.9099252,43.2355641
"2620567292","5621",bus_stop,Горбольница №12,76.9106392,43.2362591
"2639444800","5621",bus_stop,мкр Алмагуль,76.8986172,43.2076191
"2639444803","5621",bus_stop,мкр Алмагуль,76.8988049,43.2080851
"2639452933","5621",bus_stop,Басенова,76.8967971,43.2228517
"2657407578","5621",bus_stop,Берегового,76.8645682,43.2179072
"2657407589","5621",bus_stop,10 мкр.,76.866286,43.2189217
"2660797734","5621",bus_stop,КазНУ,76.9232784,43.2268783
"2663817097","5621",bus_stop,Казахское радио,76.9412924,43.2397229
"2664615145","5621",bus_stop,8 мкр.,76.871914,43.2297916
"2664615146","5621",bus_stop,8 мкр.,76.8718489,43.2301956
"2668210836","5621",bus_stop,Басенова,76.8966558,43.2222731
"2694141446","5621",bus_stop,Плодоконсервный комб-т,76.8855062,43.2229631
"2694141452","5621",bus_stop,Плодоконсервный комбинат,76.8855058,43.223294
"2702197402","5621",bus_stop,Наурызбай батыра,76.9390408,43.2378584
"2703805087","5621",bus_stop,Алтынсарина,76.8766422,43.2177052
"2735735264","5621",bus_stop,Әуезов,76.9064839,43.2344496
"2784807014","5621",bus_stop,Ст. метро Алатау,76.8951576,43.2379855
"2784807021","5621",bus_stop,Ст. метро Алатау,76.8949468,43.2380084
"2848224174","5621",bus_stop,Жарокова,76.901011,43.2352334
"2917279368","5621",bus_stop,,76.9504178,43.2338592
"2991103942","5621",bus_stop,,76.8991571,43.2351274
"2991103943","5621",bus_stop,,76.899519,43.2353322
"3198803157","5621",bus_stop,,76.8641472,43.2282689
"3198803761","5621",bus_stop,Алматинка,76.868664,43.2317006
"3423450807","5621",bus_stop,Байтурсынова,76.933773,43.2309406
"3464794517","5621",bus_stop,ТЮЗ,76.8693713,43.2211445
"3464794520","5621",bus_stop,ТЮЗ,76.8691779,43.2213565
"3464799078","5601",railway_station,Москва,76.8673044,43.2304852
"3464799079","5601",railway_station,Сайран,76.8772582,43.2367727
"3504646061","5621",bus_stop,Проспект Гагарина,76.8960529,43.2308653
"3504647763","5621",bus_stop,Школа №22,76.894626,43.2346892
"3504736710","5621",bus_stop,Проспект Гагарина,76.8964813,43.2306225
"3540483774","5621",bus_stop,Площадь Республики,76.9418515,43.239302
"3540483775","5621",bus_stop,Тимирязева,76.939966,43.2342048
"3540483778","5621",bus_stop,Тимирязева,76.9402401,43.2347874
"3811135281","5621",bus_stop,,76.8799101,43.2025747
"3811196199","5621",bus_stop,Вишневского,76.8891355,43.1945307
"3811196200","5621",bus_stop,Аль-Фараби/Навои,76.8866809,43.1948752
"3812220443","5621",bus_stop,,76.8882094,43.1932157
"3812481144","5621",bus_stop,Мкр. Орбита 3,76.8793966,43.2017695
"3818773437","5621",bus_stop,,76.8779386,43.2053935
"3820936619","5621",bus_stop,ГЭС 5,76.9067909,43.1276537
"4067035107","5621",bus_stop,,76.9646151,43.2169076
"4067035108","5621",bus_stop,,76.9620509,43.2250273
"4067035109","5621",bus_stop,,76.9619895,43.2256946
"4215131166","5621",bus_stop,,76.9038334,43.2044875
"4221398389","5622",bus_station,Ormanova Bus Terminal,76.973714,43.2239393
"4276012788","5621",bus_stop,Мега Центр/(Школа),76.8944355,43.2043827
"4276821282","5621",bus_stop,,76.8945005,43.2011878
"4277705172","5621",bus_stop,Киностудия Казахфильм,76.9028211,43.1997208
"4277707103","5621",bus_stop,Киностудия Казахфильм,76.9031829,43.1994719
"4277730785","5621",bus_stop,Мега Центр,76.8940958,43.2024161
"4312823491","5621",bus_stop,Маркова,76.9358228,43.2229765
"4315497144","5621",bus_stop,Саина-Жандосова,76.8646727,43.2086942
"4360827591","5621",bus_stop,Березовского,76.8981426,43.2123375
"4360843492","5621",bus_stop,,76.8976688,43.2157474
"4428057516","5621",bus_stop,,76.8838726,43.1944753
"4482170896","5621",bus_stop,Базарчик,76.9044027,43.1946873
"4482266891","5621",bus_stop,,76.90655,43.1980895
"4482281390","5621",bus_stop,,76.9067199,43.197151
"4482281689","5621",bus_stop,Базарчик,76.9044884,43.1947169
"4732040121","5621",bus_stop,11 ықшам ауданы,76.8722426,43.2198861
"4780916284","5621",bus_stop,Чимбулакская,76.9709146,43.2383132
"4783669332","5621",bus_stop,Казахфильм,76.9086186,43.2007606
"4783677585","5622",bus_station,Арман,76.8978469,43.1958332
"4873641943","5621",bus_stop,Плотина,76.9031202,43.1355086
"4887885631","5621",bus_stop,Шашкина,76.9353197,43.2221624
"4887888139","5621",bus_stop,Шашкина,76.9339379,43.2217604
"4887891239","5621",bus_stop,Маркова,76.9391938,43.2247352
"4887893282","5621",bus_stop,Рамстор,76.9497422,43.2311392
"4887893283","5621",bus_stop,Рамстор,76.9500048,43.2306831
"5199458463","5641",taxi,,76.9572075,43.2342312
"5205430682","5621",bus_stop,,76.9609012,43.2276564
"5217357830","5621",bus_stop,,76.9333333,43.2143845
"5285159347","5641",taxi,Такси Максим,76.885646,43.2378525
"5328449721","5621",bus_stop,Дом отдыха,76.9814813,43.2000182
"5328460872","5621",bus_stop,,76.98147,43.2004042
"5742507921","5621",bus_stop,"12",76.966996,43.2113079
"6109103021","5621",bus_stop,428~429,76.8961102,43.2309181
"6578120185","5622",bus_station,,76.9759437,43.2335109
"6598019016","5621",bus_stop,,76.9504137,43.2338939
"6684748685","5621",bus_stop,Мкр. Коктем1,76.9297175,43.2280065
"6774399914","5621",bus_stop,Розыбакиева,76.8926334,43.2285297
"6853133727","5621",bus_stop,Мкр. Самал-3 (Хаджи Мукана),76.9583767,43.225294
"7496337291","5621",bus_stop,,76.9103407,43.1534619
"7634159385","5621",bus_stop,14 . 39,76.8644111,43.1401806
"7637528831","5621",bus_stop,Мкр. Орбита 4,76.8811311,43.1967902
"7637528832","5621",bus_stop,,76.8815349,43.1964103
"7637528833","5621",bus_stop,,76.8809466,43.1949405
"7637528834","5621",bus_stop,,76.8720137,43.1968787
"7637528835","5621",bus_stop,,76.8725113,43.1970895
"7637528836","5621",bus_stop,,76.8707011,43.1974121
"7638308443","5621",bus_stop,"Центр делового сотрудничества ""Атакент""",76.9045061,43.2258221
"7638308444","5621",bus_stop,"Центр делового сотрудничества ""Атакент""",76.9039125,43.2256538
"7638370232","5621",bus_stop,,76.8661497,43.1760585
"7638370233","5621",bus_stop,,76.8716004,43.1765184
"7638370234","5621",bus_stop,,76.8718179,43.1763757
"7638370235","5621",bus_stop,,76.8703537,43.1801972
"7638370236","5621",bus_stop,,76.8705059,43.1802818
"7638370237","5621",bus_stop,,76.8686785,43.1827341
"7638370238","5621",bus_stop,,76.8686867,43.1829914
"7638370239","5621",bus_stop,,76.8662081,43.1867197
"7638370240","5621",bus_stop,,76.8664656,43.1866098
"7638370242","5621",bus_stop,,76.8653225,43.1958381
"7638370243","5621",bus_stop,,76.865711,43.1957891
"7638508283","5621",bus_stop,,76.8780961,43.2053991
"7638619925","5621",bus_stop,Аптека,76.8857525,43.202187
"7638619926","5621",bus_stop,,76.887195,43.1980942
"7638674740","5621",bus_stop,Мкр. Орбита1,76.8797211,43.2014608
"7640758913","5621",bus_stop,,76.8876283,43.1960819
"7640758914","5621",bus_stop,Аль-Фараби/Розыбакиева,76.8969474,43.1960989
"7657490171","5621",bus_stop,,76.8878039,43.2156991
"7657499951","5621",bus_stop,Ул. Саина  (мкр. Орбита 3),76.8703144,43.2008245
"7657502599","5621",bus_stop,,76.8889025,43.2091546
"7657520270","5621",bus_stop,Ботанический сад,76.9141207,43.2263803
"7657523804","5621",bus_stop,Ул Пятницкого,76.8781343,43.2131565
"7657524157","5621",bus_stop,,76.8748666,43.2016986
"7657527626","5621",bus_stop,Ул. Утепова,76.8970416,43.2200389
"7657544397","5621",bus_stop,,76.8894124,43.2065047
"7657547738","5621",bus_stop,ЖК Шахристан,76.8869793,43.2039684
"7657551614","5621",bus_stop,,76.8883561,43.2124284
"7657552306","5621",bus_stop,,76.8753876,43.2017014
"7657553243","5621",bus_stop,,76.9097415,43.2305713
"7657557492","5621",bus_stop,,76.8781989,43.2023714
"7657557933","5621",bus_stop,,76.884101,43.2034879
"7657559694","5621",bus_stop,,76.8937472,43.2187089
"7865680685","5621",bus_stop,Аялдама,76.8742753,43.2096777
"8435139487","5621",bus_stop,,76.8791277,43.194472
"8435139488","5621",bus_stop,,76.874551,43.2182842
"8435139489","5621",bus_stop,,76.8664444,43.2236662
"8435139495","5621",bus_stop,,76.865331,43.2156834
"8795013335","5621",bus_stop,,76.8886748,43.2101257
"8798333545","5621",bus_stop,,76.930341,43.2374705
"8798350589","5621",bus_stop,,76.881445,43.2152621
"8798958315","5621",bus_stop,,76.8806754,43.2187056
"8798959937","5621",bus_stop,,76.884103,43.2071548
"8798960215","5621",bus_stop,,76.8828976,43.2105838
"8805594817","5621",bus_stop,,76.9665439,43.1684537
"8805758802","5621",bus_stop,,76.8681188,43.2229143
"8805758877","5621",bus_stop,,76.8847061,43.2379538
"8805763119","5621",bus_stop,,76.8653676,43.2157182
"8959626231","5621",bus_stop,Ул. Мынбаева,76.899726,43.2361409
"8973640745","5621",bus_stop,РФМШ,76.918472,43.2317423
"9025239316","5621",bus_stop,,76.8853524,43.2040829
"9695000718","5621",bus_stop,Өтеген батыр көшесі,76.8683257,43.2325797
"9738240851","5621",bus_stop,Байтурсынова,76.9334673,43.2305399
"9740765469","5621",bus_stop,Манаса Абая,76.9086259,43.2391684
"9791511408","5621",bus_stop,,76.9007028,43.2297753
"9791531875","5621",bus_stop,,76.9053919,43.2300712
"9791532884","5621",bus_stop,,76.9045188,43.2360506
"9791534452","5621",bus_stop,,76.8938037,43.207264
"9791534455","5621",bus_stop,,76.905115,43.2298209
"9791537764","5621",bus_stop,Драмтеатр им. Лермонтова,76.9455195,43.2424381
"9791544047","5621",bus_stop,Жандосова-Алтынсарина,76.8767087,43.217709
"9791545063","5621",bus_stop,Ботанический сад,76.9146056,43.2265094
"9791551103","5621",bus_stop,Алтынсарина,76.8780036,43.2187904
"9791552376","5621",bus_stop,Городок,76.8762605,43.2168177
"9791553322","5621",bus_stop,,76.8935572,43.2094252
"9791553323","5621",bus_stop,,76.9243738,43.2370438
"9791553326","5621",bus_stop,,76.8821219,43.2423739
"9791555372","5621",bus_stop,,76.866415,43.1759892
"9791555376","5621",bus_stop,,76.8828278,43.237582
"9791558093","5621",bus_stop,Ул Пятницкого,76.8778645,43.2130985
"9791558094","5621",bus_stop,,76.8784378,43.2098259
"9791558664","5621",bus_stop,,76.8732742,43.225544
"9791559137","5621",bus_stop,,76.8981542,43.2116508
"9791561210","5621",bus_stop,,76.8791454,43.2343761
"9791563892","5621",bus_stop,,76.8998783,43.2361541
"9791563893","5621",bus_stop,ЖК Симфония,76.8742608,43.2326633
"9791563894","5621",bus_stop,Мате Залки,76.8703054,43.2325637
"9791564265","5621",bus_stop,,76.8741011,43.2323487
"9804248868","5621",bus_stop,,76.8871837,43.1987264
"9812847383","5621",bus_stop,ул.Жолдасбекова,76.9504531,43.2337444
"9812847384","5621",bus_stop,Самал 1-й микрорайон,76.9515466,43.2340763
"9827041420","5621",bus_stop,Тимирязева\ Гагарина,76.8976392,43.2253327
"9827041703","5621",bus_stop,Тимирязева\ Гагарина,76.8976602,43.225233
"9899002045","5621",bus_stop,Центральный стадион,76.9243129,43.2370371
"9899207343","5621",bus_stop,Мкр. Коктем 1,76.9298156,43.2279297
"9922706113","5621",bus_stop,,76.9664827,43.2118273
"9922716068","5621",bus_stop,Мост,76.976508,43.2045858
"9933527702","5621",bus_stop,метро Байконур,76.9278125,43.2393738
"9933527703","5621",bus_stop,Дворец спорта,76.927329,43.2403102
"9939475982","5621",bus_stop,Байтұрсынұлы,76.9266027,43.241058
"9939490923","5621",bus_stop,Стадион,76.9216609,43.2407099
"9939594019","5621",bus_stop,,76.910572,43.2401669
"9939594020","5621",bus_stop,Ауэзова,76.9031805,43.2396744
"9939594021","5621",bus_stop,13 - ая линия,76.8937163,43.2390065
"9939594023","5621",bus_stop,Баумана,76.8824693,43.2379514
"9939594024","5621",bus_stop,Софья,76.8743634,43.2355821
"9939594025","5621",bus_stop,Мате Залки,76.8686462,43.2315863
"9945145004","5621",bus_stop,Березовая роща,76.9848537,43.1696826
"10011824617","5621",bus_stop,,76.9307844,43.2423857
"10023123659","5621",bus_stop,,76.9058175,43.2270566
"10188741914","5621",bus_stop,,76.8941568,43.2016518
"10188768493","5621",bus_stop,,76.8925551,43.2166691
"10188768712","5621",bus_stop,Ул. Басенова,76.8920008,43.2219626
"10188784372","5621",bus_stop,,76.9164227,43.2097242
"10188784383","5621",bus_stop,,76.8941182,43.2044241
"10188787014","5621",bus_stop,Ул. Римского-Корсакова,76.9268108,43.2351259
"10188787861","5621",bus_stop,,76.8918075,43.2219405
"10188788359","5621",bus_stop,Ул. Утепова,76.8923545,43.2192495
"10188802221","5621",bus_stop,,76.8930497,43.2124708
"10231255408","5621",bus_stop,,76.8644537,43.1919203
"10279705077","5621",bus_stop,,76.9571842,43.2420873
"10279716959","5621",bus_stop,Дворец школьников,76.957449,43.2374603
"10279729152","5621",bus_stop,Достык/Жолдасбекова,76.9591335,43.2330872
"10279730051","5621",bus_stop,Дворец школьников,76.9577855,43.2370861
"10281882656","5621",bus_stop,Назарбаева/Абая,76.9484412,43.2406776
"10566796801","5621",bus_stop,,76.9178037,43.2404789
"10577096526","5621",bus_stop,бульвар Мендикулова,76.954698,43.2285583
"10577096527","5621",bus_stop,бульвар Мендикулова,76.9547561,43.2282578
"10592639597","5621",bus_stop,Институт энергетики и связи,76.9315331,43.233472
"10624100402","5621",bus_stop,,76.9133456,43.2052246
"10697961891","5621",bus_stop,"211",76.9441462,43.1018212
"10720490448","5621",bus_stop,Армянская,76.9599772,43.2308461
"10725769780","5621",bus_stop,"28",76.9135146,43.1138219
"10725776438","5621",bus_stop,108Ш,76.905813,43.0915097
"10816179526","5621",bus_stop,Ул. Жаркентская,76.9513889,43.2194714
"10816192757","5621",bus_stop,,76.9527527,43.2254006
"10816195541","5621",bus_stop,Ул. Желтоксан,76.9474387,43.2276793
"10816197336","5621",bus_stop,,76.9501499,43.2271646
"243878823","5621",bus_stop,,76.8572771,43.2521193
"498726430","5621",bus_stop,Тастак,76.875567,43.2498134
"498726433","5621",bus_stop,Тастак,76.8748358,43.2494626
"498726444","5621",bus_stop,Автовокзал Сайран,76.8596498,43.2466584
"498726448","5621",bus_stop,Автовокзал Сайран,76.8575257,43.2460011
"501603209","5621",bus_stop,,76.8611591,43.2074827
"858297141","5621",bus_stop,"35, 65, 94",76.8214671,43.2370822
"863813961","5621",bus_stop,,76.8248985,43.2378675
"864712435","5621",bus_stop,Алтынсарина,76.8633771,43.2259665
"870409992","5621",bus_stop,"50, 52, 126",76.8242954,43.2366945
"870409998","5621",bus_stop,"50, 52, 126",76.8241093,43.2369446
"871648505","5621",bus_stop,Аксай 1,76.8328406,43.2400081
"964638703","5621",bus_stop,SM Market,76.8566228,43.2063678
"1140351105","5621",bus_stop,Улица Тургут Озала,76.8821526,43.2504868
"1140352382","5621",bus_stop,,76.8687795,43.2482318
"1140353376","5621",bus_stop,,76.8597696,43.2363651
"1330741991","5621",bus_stop,,76.8458821,43.2427691
"1330741993","5621",bus_stop,,76.8461948,43.2430249
"1332258580","5621",bus_stop,улица Толе Би,76.8551278,43.245672
"1332259957","5621",bus_stop,,76.8494771,43.2436439
"1385507156","5621",bus_stop,Жетысу-2,76.8483863,43.2190392
"1385509125","5621",bus_stop,,76.8458973,43.21813
"1595138442","5621",bus_stop,Птичий рынок,76.8557058,43.2468302
"1608746303","5621",bus_stop,,76.8580553,43.2298849
"1608746333","5621",bus_stop,,76.8564067,43.2313174
"1608846093","5621",bus_stop,,76.8631849,43.2270676
"1727449698","5621",bus_stop,,76.8528174,43.203296
"1727449702","5621",bus_stop,,76.8515836,43.2030145
"1924771138","5621",bus_stop,Дуйсенова,76.8717544,43.2526684
"1980833367","5621",bus_stop,,76.8330311,43.2328844
"1980833368","5621",bus_stop,,76.837931,43.2339847
"1980833374","5621",bus_stop,Аксай-3,76.8296615,43.2384887
"1980833375","5621",bus_stop,,76.833444,43.2306605
"1980833376","5621",bus_stop,Хлебзавод,76.8312145,43.2350421
"1980833377","5621",bus_stop,Хлебзавод,76.8311781,43.2356378
"1980870682","5621",bus_stop,Конечная,76.8315959,43.2327034
"2124983531","5621",bus_stop,,76.8730665,43.2441939
"2143773454","5621",bus_stop,,76.8454646,43.2269952
"2143773467","5621",bus_stop,,76.8453787,43.2263932
"2389317911","5621",bus_stop,Аксай 2,76.8303622,43.2390967
"2389317912","5621",bus_stop,"101 ,105",76.8294295,43.2397863
"2389317914","5621",bus_stop,,76.8394332,43.238871
"2389317915","5621",bus_stop,,76.8460564,43.2354502
"2389317916","5621",bus_stop,45-63,76.8544566,43.2372065
"2389375250","5621",bus_stop,Моргулана,76.8315856,43.2326101
"2395096684","5621",bus_stop,Момышулы/проспект Абая,76.8391464,43.2176987
"2395096685","5621",bus_stop,,76.837503,43.2205779
"2395096686","5621",bus_stop,,76.8375315,43.2212692
"2395108506","5621",bus_stop,,76.8455482,43.2351707
"2395896573","5621",bus_stop,,76.8347687,43.2276289
"2395896577","5621",bus_stop,Аксай 5,76.834715,43.2269246
"2395896580","5621",bus_stop,Домостроительная,76.836228,43.2241546
"2395896584","5621",bus_stop,Домостроительная,76.8359829,43.2240627
"2400612986","5621",bus_stop,,76.8337236,43.2398776
"2400612987","5621",bus_stop,,76.843636,43.2424135
"2400612990","5621",bus_stop,Тлендиева,76.8719502,43.2490637
"2486055438","5621",bus_stop,,76.8102686,43.2148324
"2486055441","5621",bus_stop,,76.8101366,43.2147398
"2655678489","5622",bus_station,,76.8424754,43.2314944
"2655683304","5622",bus_station,Западная,76.8435262,43.2295196
"2655683985","5622",bus_station,Западная,76.8439485,43.2295318
"2770512133","5621",bus_stop,Фэмили,76.8551177,43.221924
"2770512139","5621",bus_stop,мкр. 3,76.855029,43.2220169
"2770523073","5621",bus_stop,мкр. 6,76.8546915,43.2213989
"2829260463","5621",bus_stop,"15",76.8128788,43.2107797
"2829260464","5621",bus_stop,"137",76.8130112,43.2110643
"2989752398","5621",bus_stop,,76.8504706,43.2114207
"2989752399","5621",bus_stop,,76.8515384,43.2114429
"2989752400","5621",bus_stop,,76.8602617,43.2153367
"2989752401","5621",bus_stop,,76.8581485,43.2145486
"2989752402","5621",bus_stop,,76.857868,43.2141817
"2991063138","5621",bus_stop,,76.8433834,43.2095308
"2991063139","5621",bus_stop,,76.8424473,43.2101565
"3239183689","5621",bus_stop,Жетысу-2,76.8484052,43.2189879
"3521301806","5621",bus_stop,Автопарк №6,76.8569268,43.2434323
"3521301807","5621",bus_stop,Автопарк №6,76.8570953,43.2434333
"3719774763","5621",bus_stop,Тастак,76.8813941,43.2504325
"4317894089","5622",bus_station,Сайран,76.8655006,43.2478222
"4395239879","5621",bus_stop,11-78,76.8297656,43.2435728
"4607155655","5641",taxi,,76.8623279,43.2566498
"4607155718","5641",taxi,Шанырак,76.8627785,43.256013
"4609463916","5621",bus_stop,Петрова,76.8633766,43.2557325
"4609465553","5621",bus_stop,Петрова,76.8624043,43.2552594
"4781528251","5621",bus_stop,Экспедиция,76.8418347,43.1982059
"4783689227","5621",bus_stop,Текстильная,76.8415724,43.2347995
"4783694530","5621",bus_stop,Ташкентская,76.8379707,43.2485744
"4783695281","5621",bus_stop,Маслодел,76.8399126,43.2535678
"4812497483","5621",bus_stop,Асфальтный,76.8621038,43.2566932
"4819948673","5621",bus_stop,Магнум,76.8418799,43.2174179
"4819948674","5621",bus_stop,,76.8401884,43.2167731
"4832023445","5621",bus_stop,,76.8466944,43.2331435
"4832141641","5621",bus_stop,,76.8473555,43.2240913
"4954931324","5621",bus_stop,,76.8287591,43.2406509
"5168384023","5621",bus_stop,,76.861914,43.2272847
"5168384026","5621",bus_stop,,76.8558274,43.2316945
"5168384027","5621",bus_stop,63-72,76.8534375,43.2350234
"5168404921","5621",bus_stop,Автовокзал,76.8570146,43.2440044
"5168415222","5621",bus_stop,Ташкенская,76.853264,43.2508454
"6373736232","5621",bus_stop,,76.8251767,43.2134674
"6466427085","5621",bus_stop,,76.814283,43.2399326
"8435139490","5621",bus_stop,ТРК «Grand park»,76.8545236,43.2374019
"8435139491","5621",bus_stop,,76.8533921,43.234416
"8435139492","5621",bus_stop,Ул. Кабдолова,76.8584619,43.23833
"8435139493","5621",bus_stop,,76.8587782,43.2397965
"8435139494","5621",bus_stop,,76.8536838,43.249592
"8435139496","5621",bus_stop,,76.8552783,43.2130123
"8435139514","5621",bus_stop,,76.810212,43.2383843
"8435139515","5621",bus_stop,,76.8324438,43.244343
"8435139516","5621",bus_stop,,76.8436049,43.2481995
"9342478955","5621",bus_stop,,76.828248,43.2145424
"9342500962","5621",bus_stop,,76.828333,43.21438
"9342513140","5621",bus_stop,ст. метро Бауржана Момышулы,76.8384002,43.216382
"9342518717","5621",bus_stop,ст. метро Бауржана Момышулы,76.8383009,43.216601
"9353092028","5621",bus_stop,,76.8250059,43.2138134
"9354769024","5601",railway_station,Бауыржана Момышулы,76.8377295,43.2163689
"9354808688","5601",railway_station,Сары-Арка,76.8582506,43.2236851
"9379250079","5621",bus_stop,улица Яссауи,76.8331321,43.2155557
"9379250080","5621",bus_stop,улица Яссауи,76.8332045,43.2153817
"9407553644","5621",bus_stop,"19",76.8124442,43.2524388
"9407553645","5621",bus_stop,,76.8131547,43.2529269
"9696992557","5641",taxi,Shared Taxis,76.8572957,43.2457469
"9791518716","5621",bus_stop,,76.8276675,43.2058765
"9791534451","5621",bus_stop,,76.8212901,43.2029873
"9791554488","5621",bus_stop,,76.8239209,43.1960055
"9791558659","5621",bus_stop,Мкр. Калкаман,76.8287367,43.2060845
"9791558740","5621",bus_stop,,76.8776068,43.2434851
"9791562819","5621",bus_stop,,76.8808032,43.2498112
"9929611568","5621",bus_stop,Аксай 4,76.8345997,43.2275686
"9939594026","5621",bus_stop,Правды,76.8619152,43.2265817
"9939594027","5621",bus_stop,Джетысу 3,76.8389986,43.2176161
"9939594028","5621",bus_stop,Джетысу 14,76.8373868,43.2212495
"9939594029","5621",bus_stop,Арыстан,76.833248,43.2306203
"9942691986","5641",taxi,Shared Taxis,76.8574542,43.2463841
"9947103587","5621",bus_stop,,76.8619865,43.2358666
"9947370740","5621",bus_stop,Маречека,76.8594755,43.2391982
"10197305140","5621",bus_stop,Ул. Берегового,76.863417,43.2168427
"10576804880","5621",bus_stop,Толе би/ул. Момышулы,76.8281817,43.2389793
"10840897367","5621",bus_stop,,76.8239022,43.2517331
"10840897368","5621",bus_stop,,76.8240511,43.2525238
"10960058853","5621",bus_stop,Каскелен,76.8515986,43.2509036
"498726436","5621",bus_stop,Розыбакиева,76.8873011,43.2508356
"498726437","5621",bus_stop,Оптовка,76.8884545,43.2591894
"518465374","5621",bus_stop,Кировские ворота,76.8530462,43.2605534
"518465376","5621",bus_stop,Петрова,76.8594122,43.262788
"518465382","5621",bus_stop,Массагет,76.8626,43.2639204
"518465389","5621",bus_stop,Софьи,76.8693852,43.2663266
"518465391","5621",bus_stop,,76.8738778,43.2680796
"530082837","5621",bus_stop,Баня,76.9189391,43.2683523
"530287148","5621",bus_stop,Рынок Саудакент,76.9031037,43.2643468
"1140346660","5621",bus_stop,Кардонная,76.9181314,43.2529195
"1140348187","5621",bus_stop,,76.9131363,43.2531746
"1140348631","5621",bus_stop,,76.9137893,43.2526011
"1140348944","5621",bus_stop,Дехканская,76.9104769,43.2523702
"1140349163","5621",bus_stop,,76.9010493,43.2516935
"1140349225","5621",bus_stop,,76.902502,43.2523313
"1140349465","5621",bus_stop,,76.902465,43.2514964
"1140349777","5621",bus_stop,,76.8939289,43.2511844
"1140350053","5621",bus_stop,,76.8886255,43.2508305
"1198654878","5621",bus_stop,Розыбакиева,76.8828393,43.2581818
"1201874991","5621",bus_stop,Баумана,76.8777954,43.2581809
"1201875378","5621",bus_stop,Баумана,76.8822345,43.2574992
"1201876222","5621",bus_stop,Софьи Ковалевской,76.8682655,43.2579524
"1201876223","5621",bus_stop,Софьи Ковалевской,76.8709263,43.2579055
"1201876226","5621",bus_stop,Школа,76.8795308,43.2569053
"1456432684","5621",bus_stop,,76.910928,43.258319
"1456433799","5621",bus_stop,,76.9085428,43.2572519
"1456435710","5621",bus_stop,,76.909423,43.257476
"1456436354","5621",bus_stop,,76.910812,43.257001
"1628507766","5621",bus_stop,Парк Ганди,76.8942968,43.2434467
"2381965300","5621",bus_stop,,76.9137962,43.3220364
"2400612988","5621",bus_stop,Гагарина,76.891915,43.2510584
"2400612989","5621",bus_stop,Жарокова,76.8969674,43.2514053
"2522833862","5621",bus_stop,Ташкентская,76.8869901,43.2599739
"2522833866","5621",bus_stop,Розыбакиева/проспект Райымбека,76.886686,43.2601625
"2528860195","5621",bus_stop,,76.9030577,43.2461204
"2528860199","5621",bus_stop,,76.9031784,43.2465112
"2591116619","5621",bus_stop,Жамбыла,76.88896,43.2432766
"2591116622","5621",bus_stop,Жамбыла,76.8891421,43.2445381
"2591120940","5621",bus_stop,Толе би,76.8880585,43.2519787
"2610487993","5621",bus_stop,,76.8412862,43.2821587
"2610487996","5621",bus_stop,Ленина,76.8413054,43.2832606
"2611854499","5621",bus_stop,ЦОН,76.8490984,43.2837863
"2611854510","5621",bus_stop,Без названия,76.845927,43.2827186
"2611861929","5621",bus_stop,Школа,76.8452882,43.272935
"2611861941","5621",bus_stop,Школа,76.8455144,43.2731009
"2631725962","5621",bus_stop,Адем,76.8867147,43.2783089
"2671173632","5621",bus_stop,Гоголя,76.9018644,43.2563381
"2671173634","5621",bus_stop,Гоголя,76.9024146,43.2568307
"3245654771","5621",bus_stop,Адем: 141,76.8869587,43.2773468
"3441395022","5621",bus_stop,,76.9153136,43.3209442
"3504757945","5621",bus_stop,Барахолка,76.8968663,43.3020175
"3504757946","5621",bus_stop,Барахолка,76.8972977,43.3020018
"3504771257","5621",bus_stop,Старый дом,76.8984134,43.3057255
"3504771258","5621",bus_stop,Магазин,76.8996541,43.3089363
"3504774464","5621",bus_stop,Аптека,76.8983328,43.303306
"3504783398","5621",bus_stop,Конец,76.901013,43.3115922
"3660112252","5621",bus_stop,,76.919699,43.3253983
"3663900989","5621",bus_stop,Метро,76.9005514,43.3123527
"3663900990","5621",bus_stop,Метро,76.9000527,43.3117824
"4441574689","5621",bus_stop,"ТРК ""Maxima""",76.9027115,43.2645318
"4462716396","5621",bus_stop,,76.8482691,43.2696523
"4462730390","5621",bus_stop,,76.848259,43.2708361
"4564624092","5621",bus_stop,,76.901662,43.2518908
"4607155252","5641",taxi,Улжан,76.8668974,43.266256
"4607156574","5641",taxi,Водник,76.8586013,43.2629487
"4609552129","5622",bus_station,Олжас,76.8731548,43.2638143
"4609573654","5621",bus_stop,Барыс,76.8941457,43.3004335
"4609578863","5621",bus_stop,Начало Алатау,76.8900306,43.289396
"4609578901","5621",bus_stop,Болашак,76.8925486,43.2963014
"4609584532","5621",bus_stop,Подземка,76.8916178,43.2928791
"4780440927","5621",bus_stop,Обои,76.8681326,43.2640327
"4780786840","5621",bus_stop,ПМК,76.8561775,43.2668997
"4780795226","5621",bus_stop,Баженова,76.8948577,43.2621195
"4780811527","5621",bus_stop,Энергосбыт,76.8917787,43.2746588
"4780830236","5621",bus_stop,Ташкентская,76.8699348,43.2592919
"4781659142","5621",bus_stop,Вторчермет,76.9147734,43.2819193
"4781662612","5621",bus_stop,А/К 2588,76.918434,43.2840749
"4781665883","5621",bus_stop,Аэродромная,76.9069098,43.279248
"4781667023","5621",bus_stop,Аэродромная,76.904689,43.2789668
"4781667818","5621",bus_stop,Кладбище,76.8984877,43.2772015
"4796404939","5621",bus_stop,LG,76.8618124,43.2694476
"4797979138","5621",bus_stop,АДК,76.8442039,43.2578507
"4797981985","5621",bus_stop,Массагет,76.8629381,43.2641996
"4812498454","5621",bus_stop,Рыскулова,76.8590331,43.2619441
"4812503037","5621",bus_stop,,76.8634818,43.2647684
"4828332342","5621",bus_stop,Трудовик,76.8475006,43.3462985
"4834168135","5621",bus_stop,Автобаза,76.8438387,43.3537001
"4834615712","5621",bus_stop,Подземка,76.8912212,43.2929833
"4834634244","5621",bus_stop,Арал,76.892868,43.3045084
"4834635222","5621",bus_stop,Ужет,76.8947027,43.3038135
"4837681075","5621",bus_stop,Софьи,76.869037,43.2663519
"4837681725","5621",bus_stop,4-ый автокомбинат,76.877443,43.2691534
"5210685421","5621",bus_stop,По требованию,76.9137016,43.2670684
"5224591894","5621",bus_stop,"141",76.9109555,43.2663577
"6086938719","5621",bus_stop,4-ый автокомбинат,76.8770412,43.2691418
"6109064381","5621",bus_stop,"428",76.8926947,43.250419
"6167900141","5621",bus_stop,Баня,76.9189627,43.2682687
"8146793173","5621",bus_stop,Кабанбай батыра,76.8982324,43.2470236
"8435139499","5621",bus_stop,,76.7903134,43.2323566
"8435139512","5621",bus_stop,Городская Клиническая Больница №7,76.7994263,43.2336936
"8435139513","5621",bus_stop,,76.8045524,43.2359153
"8435195117","5621",bus_stop,,76.8785453,43.2575453
"8435195118","5621",bus_stop,,76.8899817,43.2604318
"8435195119","5621",bus_stop,,76.8908278,43.2601052
"8435195120","5621",bus_stop,,76.8964171,43.2621563
"8435195121","5621",bus_stop,,76.9002612,43.2634251
"8435195122","5621",bus_stop,,76.9050862,43.2649141
"8435195123","5621",bus_stop,,76.9184993,43.2681498
"8806556873","5621",bus_stop,,76.9141788,43.3217219
"8806565552","5621",bus_stop,,76.9068889,43.3244773
"9413481520","5621",bus_stop,,76.8150289,43.2811943
"9413481713","5621",bus_stop,"201",76.8012648,43.2745949
"9553553166","5621",bus_stop,Ул. Муканова,76.9137782,43.252763
"9565855217","5621",bus_stop,,76.9175534,43.2682404
"9566068617","5621",bus_stop,,76.8433196,43.3135601
"9570254017","5621",bus_stop,,76.8402195,43.3099746
"9570343017","5621",bus_stop,,76.841329,43.3116431
"9570372317","5621",bus_stop,,76.843099,43.3134136
"9773289722","5621",bus_stop,Крематорий,76.8036307,43.2914035
"9773302695","5622",bus_station,Приканальная,76.8018621,43.3293201
"9791528000","5621",bus_stop,,76.8875768,43.253675
"9791528001","5621",bus_stop,,76.8882247,43.2493139
"9791531874","5621",bus_stop,,76.9169251,43.3200004
"9791534453","5621",bus_stop,,76.9024007,43.3162254
"9791537797","5621",bus_stop,,76.9049701,43.3211728
"9791553325","5621",bus_stop,,76.8934777,43.2982917
"9791556175","5621",bus_stop,,76.8858895,43.2686829
"9791559138","5621",bus_stop,,76.8896062,43.2895698
"9791561452","5621",bus_stop,,76.8976128,43.3072471
"9947348610","5621",bus_stop,Цыганская,76.857798,43.2624937
"9947348611","5621",bus_stop,Киров,76.8522056,43.2605477
"10083303119","5621",bus_stop,,76.910532,43.2655071
"10147881430","5621",bus_stop,,76.915748,43.3355647
"10199813621","5621",bus_stop,,76.9116891,43.2490042
"10280151656","5621",bus_stop,,76.8085178,43.2783369
"10656772296","5621",bus_stop,,76.8985829,43.2459667
"10656802641","5621",bus_stop,,76.8980394,43.2505503
"10705150783","5621",bus_stop,105 - 122,76.8140696,43.3409772
"10705153543","5621",bus_stop,"122",76.8347667,43.3532721
"10705153544","5621",bus_stop,"122",76.8166174,43.3290367
"10705160769","5621",bus_stop,"24",76.8340682,43.3420669
"10705174108","5621",bus_stop,81 - 431 - 456,76.8360591,43.353898
"10764890722","5621",bus_stop,Автопарк,76.8128683,43.3027351
"10764934315","5621",bus_stop,"88 ,101 , 105",76.8160029,43.2820509
"10764942887","5621",bus_stop,Дархан,76.8125048,43.2973441
"10794940808","5621",bus_stop,,76.8256376,43.3093929
"10962821198","5621",bus_stop,"15",76.8001794,43.2724687
"10963369705","5621",bus_stop,,76.8410834,43.3540634
"260543817","5601",railway_station,Алматы-1,76.9492178,43.3414234
"442556814","5621",bus_stop,ВАЗ,76.9824464,43.338308
"442556816","5621",bus_stop,,76.9820087,43.3362541
"442563900","5621",bus_stop,,76.9877765,43.3573074
"442563902","5621",bus_stop,,76.9874761,43.3575383
"442563909","5621",bus_stop,,76.9862745,43.3483951
"442563911","5621",bus_stop,,76.9845171,43.3426749
"442563913","5621",bus_stop,,76.9821289,43.3411732
"442566415","5621",bus_stop,,76.9579383,43.3204613
"442566419","5621",bus_stop,,76.9597539,43.3217245
"442566422","5621",bus_stop,Завод ДОРМАШ,76.9587218,43.3222328
"442566423","5621",bus_stop,Остановка Ленинградское,76.9665248,43.3219689
"442569618","5621",bus_stop,,76.9413765,43.2541933
"442569619","5621",bus_stop,,76.9384925,43.2544559
"442569620","5621",bus_stop,,76.9380955,43.2542119
"442569621","5621",bus_stop,Парк имени 28 гвардейцев-панфиловцев,76.9542796,43.2605133
"442569622","5621",bus_stop,ул.Гоголя,76.9460439,43.2595303
"442569623","5621",bus_stop,"63",76.9467129,43.2552489
"442569625","5621",bus_stop,,76.9465554,43.2558107
"495955390","5621",bus_stop,Поликлиника,76.9524307,43.2605228
"498715905","5621",bus_stop,Саяхат,76.9488278,43.2708896
"498715909","5621",bus_stop,Саяхат,76.9515829,43.2702146
"498715910","5621",bus_stop,Саяхат,76.9527416,43.2707396
"498726423","5621",bus_stop,,76.939807,43.2551263
"498726426","5621",bus_stop,,76.9403163,43.2510717
"507191679","5621",bus_stop,,76.9263478,43.2495926
"507191684","5621",bus_stop,,76.9248272,43.2589066
"507191700","5621",bus_stop,,76.9258386,43.253031
"507191707","5621",bus_stop,,76.9302346,43.2485107
"507191717","5621",bus_stop,,76.9259516,43.250355
"507191744","5621",bus_stop,,76.9268357,43.2455348
"507191755","5621",bus_stop,,76.9257532,43.2537908
"507191761","5621",bus_stop,,76.9251703,43.258149
"507191771","5621",bus_stop,,76.9246813,43.2621944
"507191783","5621",bus_stop,,76.9244238,43.2620694
"507191839","5621",bus_stop,,76.927808,43.2432688
"525165356","5621",bus_stop,,76.9446545,43.269821
"525165357","5621",bus_stop,,76.9450579,43.2691148
"544332178","5621",bus_stop,,76.9512766,43.253641
"544332185","5621",bus_stop,Кабанбай батыра (проспект Достык),76.956169,43.2499589
"864622458","5621",bus_stop,,76.9409466,43.2453199
"1055991733","5621",bus_stop,,76.9561586,43.2428656
"1078775841","5621",bus_stop,,76.9413458,43.2427466
"1140348293","5621",bus_stop,,76.9262996,43.2533845
"1140348332","5621",bus_stop,Таранчинская,76.9250999,43.2533849
"1181965324","5621",bus_stop,Улица Шевченко,76.9425762,43.2469746
"1374419034","5621",bus_stop,,76.9488294,43.2745467
"1376501190","5621",bus_stop,Зелёный,76.9524281,43.2640631
"1376501192","5621",bus_stop,Казначейская,76.9587903,43.2610004
"1376501193","5621",bus_stop,Кондитерская фабрика,76.9576205,43.262562
"1376501195","5621",bus_stop,Кондитерская фабрика,76.9579534,43.2631099
"1376501196","5621",bus_stop,Зелёный,76.9530181,43.265735
"1376501198","5621",bus_stop,,76.9657429,43.2558516
"1376501199","5621",bus_stop,Зелёный,76.9520955,43.2645709
"1412071058","5622",bus_station,,76.9619587,43.2744054
"1412071076","5622",bus_station,автовокзал Саяхат,76.9514337,43.2729212
"1508714210","5621",bus_stop,Ул. Шевченко,76.9337614,43.2447118
"1508731674","5621",bus_stop,,76.9418188,43.2510027
"1508731743","5621",bus_stop,,76.942071,43.2511883
"1611444261","5603",tram_stop,,76.9305246,43.2452774
"1611444264","5603",tram_stop,,76.9342154,43.2455274
"1709527350","5621",bus_stop,,76.944786,43.2716455
"1726906154","5621",bus_stop,,76.94647,43.2641934
"1776951604","5621",bus_stop,Ж/д вокзал Алматы-2,76.9394417,43.2735162
"1782466296","5621",bus_stop,Сейфуллина/Гоголя,76.9321184,43.2585701
"1782466306","5621",bus_stop,,76.9323222,43.2594296
"1782477796","5621",bus_stop,"117",77.1425233,43.3558057
"1791377298","5621",bus_stop,"Гостиница ""Казахстан""",76.956546,43.2448051
"1843570924","5621",bus_stop,,77.0268111,43.1898385
"1843592885","5621",bus_stop,,77.0408428,43.1620705
"1843592898","5621",bus_stop,,77.0505418,43.1626018
"1991896950","5621",bus_stop,,76.9692529,43.3465583
"1991897774","5621",bus_stop,,76.9623382,43.3503266
"1998511558","5603",tram_stop,,76.9322275,43.245314
"1998511569","5621",bus_stop,Сейфуллина,76.9333927,43.2539393
"1998511570","5621",bus_stop,Сейфуллина,76.9322401,43.2540479
"1998511571","5621",bus_stop,Целинный,76.9298474,43.2478296
"1998511572","5621",bus_stop,Шевченко,76.9302295,43.2448527
"1998511573","5621",bus_stop,Шевченко,76.9302581,43.2455271
"2198117207","5621",bus_stop,"Эталон, 119",76.9490405,43.2648426
"2198117210","5621",bus_stop,,76.9479993,43.2641473
"2199040538","5621",bus_stop,,76.9455718,43.2635658
"2199040542","5621",bus_stop,"63",76.945722,43.2634916
"2199991702","5621",bus_stop,,76.9461359,43.2602196
"2207459311","5621",bus_stop,,76.931038,43.3173394
"2317992886","5621",bus_stop,"Остановка ""Экран""",76.9731505,43.284541
"2317995525","5621",bus_stop,"Остановка ""Развилка""",76.9859073,43.284781
"2317998283","5621",bus_stop,"остановка "" улица Шемякина""",76.9596804,43.2924158
"2317998586","5621",bus_stop,,76.9583534,43.2871741
"2317998587","5621",bus_stop,,76.9586662,43.2872805
"2365925867","5621",bus_stop,,76.9501459,43.2727795
"2373296092","5621",bus_stop,Таможня,76.9862322,43.3665892
"2522351053","5601",railway_station,Жибек Жолы,76.9444529,43.2596372
"2559944429","5621",bus_stop,,76.9373286,43.2451429
"2618247423","5621",bus_stop,Кунаева (Гоголя),76.9488505,43.2601222
"2618247438","5621",bus_stop,проспект Назарбаева (Гоголя),76.946826,43.2601259
"2618249904","5621",bus_stop,Райымбека/Фурманова,76.9457485,43.2702129
"2630602219","5621",bus_stop,,76.9246701,43.3066139
"2640232860","5621",bus_stop,Абылай хан даңғылы,76.9403571,43.2698026
"2694055688","5621",bus_stop,Панфилова,76.9451912,43.2598939
"2694055691","5621",bus_stop,Панфилова,76.9451785,43.2599696
"2955366115","5621",bus_stop,Детский садик,76.9719146,43.3508082
"2955367261","5621",bus_stop,Новостройка,76.9760721,43.35413
"3111325695","5621",bus_stop,Аблай хана,76.9389173,43.2701819
"3111325697","5621",bus_stop,Дойт қонақ үй 141,76.92375,43.2690512
"3126162991","5621",bus_stop,Парк имени 28 гвардейцев-панфиловцев,76.9542521,43.2606038
"3259281764","5621",bus_stop,,77.0061166,43.3546187
"3341090067","5621",bus_stop,,77.0331911,43.1888564
"3416125890","5621",bus_stop,Элеватор,76.9597165,43.3287346
"3470919821","5621",bus_stop,,76.9564105,43.2475538
"3506479417","5621",bus_stop,Абылай хан даңғылы,76.9430394,43.2437422
"3541987463","5621",bus_stop,ТЮЗ,76.9402124,43.2659572
"3541987464","5621",bus_stop,ТЮЗ,76.9399134,43.2660702
"3660096798","5621",bus_stop,,76.9232775,43.3284598
"3660104171","5621",bus_stop,,76.9218142,43.3271973
"3661020167","5621",bus_stop,Жумабаева,76.9394184,43.3172821
"3661020168","5621",bus_stop,Детская поликлиника,76.939456,43.3194205
"3661028226","5621",bus_stop,Дамба,76.9213899,43.3180547
"3661031109","5621",bus_stop,Кинотеатр Шугла,76.9399257,43.3242066
"3661031110","5621",bus_stop,Чернышевского,76.9445254,43.3323795
"3661033490","5621",bus_stop,Шолохова,76.947419,43.3358673
"3661033491","5621",bus_stop,Рынок Алматы-1,76.9560937,43.3332704
"4020137342","5601",railway_station,Алматы-2,76.939025,43.2739999
"4141370488","5621",bus_stop,"42",76.9482154,43.2949456
"4141371105","5621",bus_stop,,76.9510022,43.2995068
"4141371106","5621",bus_stop,,76.9523593,43.3028229
"4141371109","5621",bus_stop,42-92,76.9552641,43.3109484
"4141371121","5621",bus_stop,,76.9563303,43.3157991
"4141371124","5621",bus_stop,,76.9570893,43.3164158
"4141371250","5621",bus_stop,"29",76.9599372,43.3294753
"4221398289","5621",bus_stop,,76.97234,43.257097
"4316736591","5621",bus_stop,Бутаковка,77.000665,43.1888814
"4357593689","5621",bus_stop,,76.9359209,43.2568288
"4358622992","5621",bus_stop,,76.9367095,43.2511674
"4369538407","5621",bus_stop,,76.9422585,43.2638479
"4489907923","5621",bus_stop,,76.9317546,43.2635543
"4489907924","5621",bus_stop,,76.9315631,43.2625902
"4511783392","5621",bus_stop,,77.0352889,43.1720136
"4511863389","5621",bus_stop,,77.0588856,43.1587881
"4563002191","5621",bus_stop,,76.9752876,43.3536761
"4564891997","5621",bus_stop,Ташкенская,76.930882,43.2700389
"4572716995","5621",bus_stop,,76.9311319,43.2677175
"4780907842","5621",bus_stop,Татарка,76.9852926,43.2727645
"4780908821","5621",bus_stop,Широкая щель,76.9868029,43.2676362
"4781571910","5621",bus_stop,Кабанбай Батыр,76.9558943,43.2499838
"4781579921","5621",bus_stop,Толе би,76.9552453,43.2551276
"4781580032","5621",bus_stop,Гоголя ул.,76.958201,43.2602357
"4781588809","5621",bus_stop,Парк,76.9643165,43.2613061
"4781606891","5621",bus_stop,ВИРГ,76.9935472,43.2926756
"4781612732","5621",bus_stop,Китайбаза,76.9892772,43.2970463
"4781612848","5621",bus_stop,Овощебаза,76.9810682,43.2952269
"4781614692","5621",bus_stop,Овощебаза,76.9802207,43.2954768
"4781617738","5621",bus_stop,Пархач,76.9676146,43.2931468
"4781618159","5621",bus_stop,Китайбаза,76.9880313,43.2965544
"4781625265","5621",bus_stop,Шемякина,76.9611126,43.2927593
"4781648098","5621",bus_stop,Папанина,76.9537097,43.2941415
"4781652059","5621",bus_stop,,76.9538977,43.2944748
"4781653729","5621",bus_stop,Яблочная,76.9285999,43.2905172
"4781655037","5621",bus_stop,Яблочная,76.929838,43.2913458
"4794755715","5621",bus_stop,Посёлок Мехзавода,76.93977,43.3088277
"4795078884","5621",bus_stop,Шугла,76.9393898,43.3238927
"4828227920","5621",bus_stop,Кремлёвская,77.0022789,43.3357353
"4874803108","5621",bus_stop,ул.Комсомольская,76.9553768,43.2559819
"4900057205","5601",railway_station,Алмалы,76.9455652,43.2508812
"4997023432","5621",bus_stop,,76.9459435,43.2548068
"4999521121","5621",bus_stop,,76.9684612,43.3462437
"5025905421","5621",bus_stop,,76.9362943,43.2634406
"5046316145","5621",bus_stop,,76.9762512,43.3079613
"5046316148","5621",bus_stop,,76.9751123,43.3047591
"5164631429","5621",bus_stop,,76.9476433,43.2852423
"5164634147","5621",bus_stop,"92",76.9480033,43.2782606
"5198111778","5621",bus_stop,Shymbulak Mountain Resort,77.050944,43.1626595
"5224820545","5621",bus_stop,,76.9304055,43.3167761
"5904129479","5621",bus_stop,"79, 86, 92, 106",77.0053221,43.3460333
"5907544463","5621",bus_stop,,76.9666144,43.3060956
"5907544467","5621",bus_stop,,76.9755556,43.3263034
"5907544474","5621",bus_stop,(all buses to the center),77.0053816,43.3460921
"5907544494","5621",bus_stop,,76.9671444,43.3109211
"5907544496","5621",bus_stop,,76.9699378,43.3166397
"5907544497","5621",bus_stop,,76.9721023,43.3207934
"5907544498","5621",bus_stop,,76.978041,43.331073
"5907544503","5621",bus_stop,,76.9927709,43.3440394
"5907544504","5621",bus_stop,,77.000783,43.3442218
"5907545487","5621",bus_stop,,76.9696495,43.3163413
"5907545488","5621",bus_stop,,76.9716898,43.3197973
"5907545494","5621",bus_stop,,77.0001648,43.3441998
"5923145485","5621",bus_stop,Sayakhat bus terminal,76.9488331,43.2748315
"5923145486","5621",bus_stop,Аэропорт,77.0115631,43.3467411
"5940090228","5621",bus_stop,Желтоксан көшесі,76.9404101,43.2441242
"6109592272","5621",bus_stop,20~131,76.99429,43.2737345
"6109592485","5621",bus_stop,20~131,76.9908312,43.2705842
"6109594027","5621",bus_stop,"131",76.9898907,43.2760434
"6120762325","5621",bus_stop,20~73~131,76.9615531,43.2717009
"6120765742","5621",bus_stop,20~73~131,76.971623,43.2728404
"6120771378","5621",bus_stop,Фетровая,76.977034,43.2740092
"6120775464","5621",bus_stop,20~131,76.9820622,43.2727037
"6120777854","5621",bus_stop,Татарка,76.98505,43.2728052
"6485531185","5621",bus_stop,,76.9424966,43.2457543
"6538635185","5621",bus_stop,"126",76.9480758,43.2550481
"6641104993","5621",bus_stop,Маршрут 29Р,77.0452038,43.1792628
"7029676795","5602",railway_halt,Элеватор,76.9600245,43.3279737
"7029766239","5602",railway_halt,Роща,76.9520199,43.3025969
"7607899285","5621",bus_stop,,77.0233364,43.1906903
"7735759637","5621",bus_stop,,76.9511008,43.2643417
"7921013792","5621",bus_stop,Бутаковка,76.9978979,43.1901101
"7921023060","5621",bus_stop,,77.0004198,43.1898636
"7921056087","5621",bus_stop,,77.0025356,43.1896876
"7921068570","5621",bus_stop,,77.0003607,43.1899673
"8806021348","5621",bus_stop,,76.9427708,43.3288579
"8806021689","5621",bus_stop,Ул. Крамского,76.940281,43.2971116
"8806022663","5621",bus_stop,Ул. Артиллерийская,76.9400444,43.3025028
"8806055012","5621",bus_stop,Ул. Иркутская,76.9357216,43.2814645
"8806055013","5621",bus_stop,Ул. Акпаева,76.9404085,43.2892654
"8806055399","5621",bus_stop,Ул. Жансугурова,76.9384798,43.2854732
"8806065539","5621",bus_stop,Ул. Дулатова,76.9395756,43.3131957
"8806522019","5621",bus_stop,Ул. Молдагалиева,76.9528331,43.3321083
"8806524021","5621",bus_stop,Ул. Молдагалиева,76.9527895,43.3323621
"8806552861","5621",bus_stop,,76.9234362,43.3178859
"9153652716","5621",bus_stop,Таможня,76.9863941,43.3665451
"9346636498","5601",railway_station,Райымбек батыра,76.9445863,43.2709654
"9565847017","5621",bus_stop,,76.9422981,43.2703826
"9568061617","5621",bus_stop,,76.9354845,43.2699197
"9587422121","5621",bus_stop,,76.9545395,43.2977841
"9791529380","5621",bus_stop,,77.0098361,43.1832384
"9791529381","5621",bus_stop,,77.015714,43.1742208
"9791534454","5621",bus_stop,Жумабаева-Сейфулина,76.9393065,43.3166071
"9791537798","5621",bus_stop,Жумабаева/Сейфуллина,76.9399167,43.3168675
"9791537799","5621",bus_stop,Ул. Дулатова,76.9392679,43.3125131
"9791544054","5621",bus_stop,Ул. Карагандинская,76.9462696,43.3209654
"9791545064","5621",bus_stop,Райымбека/Сейфуллина,76.9297572,43.2695031
"9791549236","5621",bus_stop,,76.9330803,43.2528918
"9791549237","5621",bus_stop,Ул. Иркутская,76.9342977,43.2799077
"9791552397","5621",bus_stop,,76.9605283,43.2946606
"9791553324","5621",bus_stop,,76.9251391,43.2689023
"9791555375","5621",bus_stop,Ул. Артиллерийская,76.939765,43.3015575
"9791558096","5621",bus_stop,Ясли-сад,76.939588,43.3042287
"9791558097","5621",bus_stop,Сейфуллина-Рыскулова,76.9400175,43.2919252
"9791558271","5621",bus_stop,,76.9338947,43.2463354
"9791558272","5621",bus_stop,Акан серы/Жумабаева,76.9447143,43.3177011
"9791558720","5621",bus_stop,Ул. Карагандинская,76.946792,43.3213138
"9791558739","5621",bus_stop,Пос. Мехзавода,76.9394882,43.3074328
"9791560391","5621",bus_stop,Ул. Будённого,76.948074,43.3235339
"9791562817","5621",bus_stop,,77.0295506,43.173335
"9791562818","5621",bus_stop,,76.9328527,43.2551127
"9791563371","5621",bus_stop,Ул. Крамского,76.9399507,43.2974255
"9899860081","5621",bus_stop,Достык/Богенбай батыра,76.9555945,43.2532494
"9922722725","5621",bus_stop,Ул.  Шевченко,76.9564533,43.2466006
"9939457322","5621",bus_stop,Гимназическая,76.9585203,43.2562164
"9939457325","5621",bus_stop,Республика Сарайы,76.9559112,43.2430669
"9946772845","5621",bus_stop,Кирова,76.957902,43.2539506
"9947191936","5621",bus_stop,Зелёный базар,76.9551895,43.2627462
"10001773918","5621",bus_stop,,76.9236067,43.2625406
"10058938218","5621",bus_stop,,76.9410171,43.2587277
"10079253940","5621",bus_stop,,76.9530629,43.3037061
"10102807874","5621",bus_stop,,76.9564305,43.3023434
"10106248972","5621",bus_stop,,76.9543544,43.2904092
"10106265114","5621",bus_stop,,76.9536745,43.2948154
"10138368407","5621",bus_stop,Автобаза 2551,76.9807204,43.360065
"10158825385","5621",bus_stop,,76.9650799,43.2772846
"10158825386","5621",bus_stop,Коперника,76.9660841,43.2773082
"10162607019","5621",bus_stop,,77.0032872,43.2994849
"10180680817","5621",bus_stop,,77.0588851,43.1594156
"10188744883","5621",bus_stop,,76.9582616,43.2581893
"10188775111","5621",bus_stop,Роддом N2,76.9574032,43.2689918
"10188783109","5621",bus_stop,,76.9612743,43.2558854
"10188788375","5621",bus_stop,Ул. Коперника,76.9670827,43.2720906
"10188790366","5621",bus_stop,Толе би/Каирбекова,76.9613378,43.2559309
"10200314517","5621",bus_stop,,76.9895728,43.3432987
"10276544513","5621",bus_stop,,76.963872,43.2991116
"10281882667","5621",bus_stop,Толе би/ Достык,76.9547359,43.2555704
"10302147809","5621",bus_stop,,76.9470743,43.2905358
"10536566209","5621",bus_stop,,76.9307544,43.3181185
"10561455446","5621",bus_stop,,76.9477579,43.2874477
"10561460551","5621",bus_stop,,76.948852,43.2964773
"10578309835","5621",bus_stop,,76.9548279,43.2981673
"10578316730","5621",bus_stop,,76.9570047,43.303221
"10592639600","5621",bus_stop,Ул. Кабанбай батыра,76.933404,43.2479841
"10592639601","5621",bus_stop,Сейфуллина/Толе би,76.932749,43.2536049
"10592639602","5621",bus_stop,Райымбека/Сейфуллина,76.930874,43.2676719
"10592639603","5621",bus_stop,Ул. Чернышевского,76.9512408,43.3291927
"10592639604","5621",bus_stop,Железнодорожная больница,76.9496975,43.3263911
"10596776324","5621",bus_stop,Ясли-сад,76.9399149,43.3046265
"10596783179","5621",bus_stop,Назарбаева/Абая,76.9483088,43.2430623
"10607915796","5621",bus_stop,Байтурсынова/Шевченко,76.9266454,43.2455128
"10607929525","5621",bus_stop,Академия спорта и туризма,76.9269745,43.2427256
"10657129000","5621",bus_stop,Абаканская,76.9552192,43.2829562
"10657134188","5621",bus_stop,Баяноульская,76.9548222,43.2860599
"10697953820","5621",bus_stop,"209",77.1188952,43.1978418
"10698937766","5621",bus_stop,Конечка,76.9995435,43.2782311
"10753908912","5621",bus_stop,"43",76.9979351,43.2341155
"10760949166","5621",bus_stop,,76.9505689,43.2467655
"10771336256","5621",bus_stop,,76.9479341,43.2847527
"10771345308","5621",bus_stop,,76.9558527,43.3112809
"10771358633","5621",bus_stop,,76.9708817,43.3213651
"10814528106","5621",bus_stop,,76.9553946,43.2713845
"10962960514","5621",bus_stop,,76.9503072,43.2427547
"2829357382","5621",bus_stop,,76.8050748,43.2217503
"2829357383","5621",bus_stop,,76.8052693,43.2218123
"2829357384","5621",bus_stop,,76.8010056,43.2272381
"2829357385","5621",bus_stop,,76.8013633,43.2272319
"3337680476","5621",bus_stop,Грозы,76.8304091,43.1922181
"4781530176","5621",bus_stop,Каменка,76.8327114,43.1872073
"6106767442","5621",bus_stop,26~52~401~402~428~429,76.7938802,43.1754067
"6106770495","5621",bus_stop,26~52~401~402~428~429,76.7992285,43.1769129
"6106777440","5621",bus_stop,Акжар,76.8046557,43.1795438
"6106779037","5621",bus_stop,Аксай,76.8171065,43.1826418
"6106784770","5621",bus_stop,Джетысу,76.828209,43.1850259
"7638501559","5621",bus_stop,,76.8498551,43.1687289
"7638501576","5621",bus_stop,,76.8498039,43.1724425
"8435139497","5621",bus_stop,,76.7967168,43.2256398
"8435139498","5621",bus_stop,,76.793613,43.2249998
"8435139505","5621",bus_stop,ТЦ Апорт,76.779893,43.2313011
"8794263146","5621",bus_stop,,76.7967536,43.225578
"9378580000","5621",bus_stop,Абая (ул.Строительная),76.7870466,43.2028926
"9379360879","5621",bus_stop,улица Строительная (м-он Шугыла),76.7869713,43.2032202
"9380918155","5621",bus_stop,,76.7843083,43.2049334
"9408185032","5621",bus_stop,Акимат Наурызбайского района,76.7930556,43.2054422
"9408249842","5621",bus_stop,ЦОН (мкр.Шугыла),76.7905324,43.2091018
"9408249927","5621",bus_stop,ЖК Шугыла,76.7899215,43.211093
"9408249938","5621",bus_stop,Мкр. Шугыла (ул. Нурлы),76.7878678,43.213913
"9458466851","5621",bus_stop,Жубанова,76.7874885,43.2150257
"9791511395","5621",bus_stop,Сейдімбек к-сі,76.8424179,43.182101
"9791529379","5621",bus_stop,,76.8281569,43.1909287
"9791531872","5621",bus_stop,,76.848736,43.1780331
"9791531873","5621",bus_stop,Ул. Шолпан,76.8379722,43.1848116
"9791537796","5621",bus_stop,,76.8344451,43.1887253
"9791549223","5621",bus_stop,,76.8348861,43.1880493
"9791552396","5621",bus_stop,,76.8307852,43.187828
"9791554325","5621",bus_stop,,76.8486385,43.1779151
"9791559136","5621",bus_stop,Ул. Сейтбекова,76.8448467,43.180726
"9791560390","5621",bus_stop,,76.8470564,43.1793545
"9796980822","5621",bus_stop,"ЖК ""Аспантау""",76.8611372,43.1836351
"10044963032","5621",bus_stop,Alibi sity park,76.8572223,43.1925736
"10188787012","5621",bus_stop,,76.8613587,43.1790715
"10197304968","5621",bus_stop,Ул. Шолпан,76.8386652,43.1847231
"10197306074","5621",bus_stop,,76.850641,43.1687109
"10730581087","5621",bus_stop,,76.8409005,43.1837925
"10730937537","5621",bus_stop,,76.849784,43.1760064
"10816161992","5621",bus_stop,,76.8523692,43.1654163
"10864795426","5621",bus_stop,Толе би,76.7805176,43.2240639
"2370240229","5621",bus_stop,16 военный городок,76.9882282,43.3697194
"3789484227","5601",railway_station,Медеу,76.9980769,43.3853127
"3871154691","5621",bus_stop,,76.9891501,43.3704966
"4561467893","5621",bus_stop,Школа 32,76.9918586,43.3748005
"10138406533","5621",bus_stop,70 разьезд,76.9939709,43.3779714
